[{"_id":"6045b6d7d89a890330cc38f5","isGravatarEnabled":false,"isEmailPublished":false,"lang":"ja_JP","status":2,"admin":true,"createdAt":"2021-03-08T05:32:07.409Z","name":"wai","username":"wai","email":"wai@wai.com","password":"9545205e36b2099c53c4b3ab1617b69b534eeea1b57ff8097f7af8acdf7c97da","__v":0,"imageUrlCached":"/images/icons/user.svg","lastLoginAt":"2021-06-07T06:30:39.575Z","apiToken":"GOVJnEmonxOUkGlYzg0bik8KofJoy5umSiz6iFA1738=","isEmailPublishedForNewUser":false},{"_id":"6048bbe932e3cb0337e7999a","isGravatarEnabled":false,"isEmailPublished":true,"lang":"ja_JP","status":2,"admin":false,"createdAt":"2021-03-10T12:30:33.707Z","name":"slackUser","username":"slackUser","email":"slack@slack.com","password":"75e8c42dbaa18c4d4f6f24a0e59ffca3e4e688f157914406972b5549eb4ee9d3","__v":0,"lastLoginAt":"2021-03-10T12:30:33.749Z"},{"_id":"604904928d8ca101d1c43338","isGravatarEnabled":false,"isEmailPublished":true,"lang":"ja_JP","status":4,"admin":false,"createdAt":"2021-03-10T17:40:34.696Z","username":"deleted_at_1617680357898","email":"deleted_at_1617680357898@deleted","password":"","__v":0,"googleId":null,"image":null,"name":""},{"_id":"604b166ef9c4f51cf5a4a70a","isGravatarEnabled":false,"isEmailPublished":true,"lang":"ja_JP","status":4,"admin":false,"createdAt":"2021-03-12T07:21:18.513Z","username":"deleted_at_1620354910659","email":"deleted_at_1620354910659@deleted","password":"","__v":0,"lastLoginAt":"2021-03-12T07:24:00.685Z","imageUrlCached":"/images/icons/user.svg","name":"","googleId":null,"image":null},{"_id":"606ad16680aa760c055c28a0","isGravatarEnabled":false,"isEmailPublished":true,"lang":"ja_JP","status":2,"admin":false,"createdAt":"2021-04-05T08:59:18.135Z","name":"matuwai","username":"watuwai","email":"matu@matu.com","password":"0888128c2e2892850d4c4de11d08143e648dde007e30d3a4e07dd691b7afd87e","__v":0,"lastLoginAt":"2021-04-05T08:59:18.166Z"},{"_id":"606ad1f680aa760c055c28cb","isGravatarEnabled":false,"isEmailPublished":true,"lang":"ja_JP","status":2,"admin":false,"createdAt":"2021-04-05T09:01:42.673Z","name":"umaru","username":"umaru","email":"umaru@umaru.com","password":"eee88854482931f1f3c804951152e73258ac077ab779df3efae581b3be9b2289","__v":0,"lastLoginAt":"2021-04-05T09:02:08.125Z","imageUrlCached":"/images/icons/user.svg"},{"_id":"606ae14d80aa760c055c2937","isGravatarEnabled":false,"isEmailPublished":true,"lang":"ja_JP","status":2,"admin":false,"createdAt":"2021-04-05T10:07:09.060Z","name":"hogematu","username":"hogematu","email":"hogematu@hoge.com","password":"6da7fa366bfffec00b66cd380099db0a384220621cb397d554b89c96868fda8e","__v":0,"lastLoginAt":"2021-04-05T10:07:22.453Z","imageUrlCached":"/images/icons/user.svg"},{"_id":"606af6cb10613d81b3609056","isGravatarEnabled":false,"isEmailPublished":true,"isEmailPublishedForNewUser":false,"lang":"ja_JP","status":2,"admin":false,"createdAt":"2021-04-05T11:38:51.722Z","name":"fugamatu","username":"fugamatu","email":"fugamatu@fugamatu.com","password":"26bcd3d769b5e471b2f083cd5a6ec394206a37faf6ee792e51688b5ea3b71006","__v":0,"lastLoginAt":"2021-04-05T11:38:57.283Z","imageUrlCached":"/images/icons/user.svg"},{"_id":"606afc61a8996c94eb01182f","isGravatarEnabled":false,"isEmailPublished":true,"lang":"ja_JP","status":2,"admin":false,"createdAt":"2021-04-05T12:02:41.419Z","name":"tensin","username":"tensin","email":"tensin@tensin.com","password":"674d55a347b7e736002837485bfc49bd921c802a674379a4881c0022dccc232d","__v":0,"lastLoginAt":"2021-04-05T12:02:48.557Z","imageUrlCached":"/images/icons/user.svg"},{"_id":"606afcaca10bff96d35a03b8","isGravatarEnabled":false,"isEmailPublished":true,"lang":"ja_JP","status":2,"admin":false,"createdAt":"2021-04-05T12:03:56.739Z","name":"yamabiko","username":"yamabiko","email":"yamabikjo@yama.com","password":"65a5a710c73fbcbf3d3e8e7663ee25e9f9860eb44f5d91963598f5ecb3669019","__v":0,"lastLoginAt":"2021-04-05T12:04:12.434Z","imageUrlCached":"/images/icons/user.svg"},{"_id":"606afd29a10bff96d35a03e9","isGravatarEnabled":false,"isEmailPublished":true,"lang":"ja_JP","status":2,"admin":false,"createdAt":"2021-04-05T12:06:01.701Z","name":"kaburasutegi","username":"kaburasutegi","email":"kabura@kabura.com","password":"b254059aac2bf907778572e39c34f667742d33d01298f02b60d6f2c4185eeddb","__v":0,"lastLoginAt":"2021-04-05T12:06:16.651Z","imageUrlCached":"/images/icons/user.svg"},{"_id":"606afdd55f5d4499ffdc7f90","isGravatarEnabled":false,"isEmailPublished":true,"lang":"ja_JP","status":2,"admin":false,"createdAt":"2021-04-05T12:08:53.812Z","name":"rasenhuuma","username":"rasenhuuma","email":"rasen@rasen.com","password":"262e616f207dc5eb5d6dd42c3a1db27bcbd9206038c563a3c419a93abf766e0c","__v":0,"lastLoginAt":"2021-04-05T12:09:01.927Z","imageUrlCached":"/images/icons/user.svg"},{"_id":"606afe5884465a9d06eb4a56","isGravatarEnabled":false,"isEmailPublished":true,"lang":"ja_JP","status":2,"admin":false,"createdAt":"2021-04-05T12:11:04.266Z","name":"bajirisuku","username":"bajirisuku","email":"baji@baji.com","password":"62af6822d99079bdb377623835181ede3930da17dd0717a0685f26fb290b15fa","__v":0,"lastLoginAt":"2021-04-05T12:11:21.745Z","imageUrlCached":"/images/icons/user.svg"},{"_id":"606afed22fbb049e523ea415","isGravatarEnabled":false,"isEmailPublished":true,"lang":"ja_JP","status":2,"admin":false,"createdAt":"2021-04-05T12:13:06.667Z","name":"katana","username":"katana","email":"katana@k.com","password":"f8c41cb90023331166b4cad4d00ffca2cd8027e9362cc905506db3649cda6bdb","__v":0,"lastLoginAt":"2021-04-05T12:13:11.798Z","imageUrlCached":"/images/icons/user.svg"},{"_id":"606aff23a97b639f9e1739d9","isGravatarEnabled":false,"isEmailPublished":true,"lang":"ja_JP","status":2,"admin":false,"createdAt":"2021-04-05T12:14:27.954Z","name":"katuobusi","username":"katuobusi","email":"katuobusi@k.com","password":"91aa2289cd70092fd62dbcfe006965cf140df83f5b7153792025b26389176f57","__v":0,"lastLoginAt":"2021-04-05T12:14:32.414Z","imageUrlCached":"/images/icons/user.svg"},{"_id":"606b01189040bea71dd70fd0","isGravatarEnabled":false,"lang":"ja_JP","status":2,"admin":false,"createdAt":"2021-04-05T12:22:48.053Z","name":"gamara","username":"gamara","email":"gamara@g.com","password":"0a1c6bb6242c94e6a9e3dcec4599d4bd58999e1923c7d8b365dc801ee90cf92c","__v":0,"lastLoginAt":"2021-04-05T12:22:52.513Z","imageUrlCached":"/images/icons/user.svg"},{"_id":"606b01d28018c2a9ba593570","isGravatarEnabled":false,"lang":"ja_JP","status":2,"admin":false,"createdAt":"2021-04-05T12:25:54.798Z","name":"mamuru","username":"mamuru","email":"mamuru@m.com","password":"1d8c9e1f14ea0dbacf806a9c6c79c7d9da8e4e61269a760a4566cf942c5040ce","__v":0,"lastLoginAt":"2021-04-05T12:25:59.951Z","imageUrlCached":"/images/icons/user.svg"},{"_id":"606b038531d9beaf399f7d04","isGravatarEnabled":false,"isEmailPublished":false,"lang":"ja_JP","status":2,"admin":false,"createdAt":"2021-04-05T12:33:09.200Z","name":"kawanotate","username":"kawanotate","email":"kawanotate@k.com","password":"6139b665014c8f1feb4b712ce9dbb3a307263649c9665e8f34626bbe017a9993","__v":0,"lastLoginAt":"2021-04-05T12:33:25.436Z","imageUrlCached":"/images/icons/user.svg"},{"_id":"606b05c1082d44b4d5067994","isGravatarEnabled":false,"isEmailPublished":false,"isEmailPublishedForNewUser":true,"lang":"ja_JP","status":2,"admin":false,"createdAt":"2021-04-05T12:42:41.368Z","name":"doutanuki","username":"doutanuki","email":"doutanuki@k.com","password":"569af75a06896aaf72deada248e963bf056fd5f5790612a4578c805334f32933","__v":0,"lastLoginAt":"2021-04-05T12:42:52.108Z","imageUrlCached":"/images/icons/user.svg"},{"_id":"606b06c774c992ba717fc0d8","isGravatarEnabled":false,"isEmailPublished":true,"lang":"ja_JP","status":2,"admin":false,"createdAt":"2021-04-05T12:47:03.811Z","name":"kongounotate","username":"kongounotate","email":"kongounotate@k","password":"07f28d602179aa0ddebd610cb66720aabf0d96cd619ddfbf427fb72fa00a9bf9","__v":0,"lastLoginAt":"2021-04-05T12:47:09.897Z","imageUrlCached":"/images/icons/user.svg"},{"_id":"606bc8ab86030c3c7380a5dc","isGravatarEnabled":false,"isEmailPublished":false,"lang":"en_US","status":2,"admin":false,"createdAt":"2021-04-06T02:34:19.452Z","name":"heiamtu","username":"heimatu","email":"heimatu@h","password":"7d560532d23c9c8710a1a866060c0d44da14f6f0c7b753da425d673ecf00b2e0","__v":0,"lastLoginAt":"2021-04-06T02:34:25.931Z","imageUrlCached":"/images/icons/user.svg"},{"_id":"606bc92bb2505f3e227da3fd","isGravatarEnabled":false,"isEmailPublished":true,"lang":"en_US","status":2,"admin":false,"createdAt":"2021-04-06T02:36:27.979Z","name":"arematu","username":"arematu","email":"arematu@a","password":"fb7915127963b4c0e768aca863b7b9918c3c98ee429d7af41c6f2dfd3ae396b9","__v":0,"lastLoginAt":"2021-04-06T02:36:34.492Z","imageUrlCached":"/images/icons/user.svg"},{"_id":"606bcb438f29ee411ab24d5e","isGravatarEnabled":false,"isEmailPublished":true,"lang":"en_US","status":2,"admin":false,"createdAt":"2021-04-06T02:45:23.811Z","name":"poimatu","username":"poimatu","email":"poimatu@a","password":"4e38a90e0784c16e83de496f30c98f8a73f81cbd849f05ca362eb52045c4022d","__v":0,"lastLoginAt":"2021-04-06T02:45:30.217Z","imageUrlCached":"/images/icons/user.svg"},{"_id":"606bcba77a09e942158139fc","isGravatarEnabled":false,"isEmailPublished":false,"lang":"en_US","status":2,"admin":false,"createdAt":"2021-04-06T02:47:03.270Z","name":"kagematu","username":"kagematu","email":"kagematu@k","password":"ba4370cca6619eb9f9b53c4dd0e17ac4616031fcfd4b19fe9f5ef5c5fcfc1d3d","__v":0,"lastLoginAt":"2021-04-06T02:47:13.565Z","imageUrlCached":"/images/icons/user.svg"},{"_id":"606bd7f2c5e8954481240562","isGravatarEnabled":false,"isEmailPublished":true,"lang":"en_US","status":5,"admin":false,"createdAt":"2021-04-06T03:39:30.355Z","username":"temp_0.r16qmrurvkr","email":"meda829ratteru86@gmail.com","password":"77d37bcc06954a0e18d240c6fca819962ef8e63d9b371516c4014ab7b5e210c1","__v":0},{"_id":"606c07082bd00358119e55fc","isGravatarEnabled":false,"isEmailPublished":true,"lang":"en_US","status":2,"admin":false,"createdAt":"2021-04-06T07:00:24.824Z","name":"kusematu","username":"kusematu","email":"kusematu@k","password":"bb59bcebdd3de52e63c01fe54e5c77b59bf8594dd42b4e2a84353c2044614feb","__v":0,"lastLoginAt":"2021-04-06T07:00:33.574Z","imageUrlCached":"/images/icons/user.svg"},{"_id":"606c08ef40f36e5b45c17698","isGravatarEnabled":false,"isEmailPublished":false,"lang":"en_US","status":2,"admin":false,"createdAt":"2021-04-06T07:08:31.296Z","name":"newmatu","username":"newmatu","email":"newmatu@n","password":"08d61905c0a10acc0e6eb62ec0d6e4276f87c25fceadff87501b5484a6a2f395","__v":0,"lastLoginAt":"2021-04-06T07:08:43.747Z","imageUrlCached":"/images/icons/user.svg"},{"_id":"606c092d40f36e5b45c176c9","isGravatarEnabled":false,"isEmailPublished":true,"lang":"en_US","status":2,"admin":false,"createdAt":"2021-04-06T07:09:33.060Z","name":"choimatu","username":"choimatu","email":"choimatu@c","password":"fbe6667fe2e1d273a95f2134cd0aa269680b7dc37d4eccbfbcb4ec3e09f0f701","__v":0,"lastLoginAt":"2021-04-06T07:09:37.573Z","imageUrlCached":"/images/icons/user.svg"},{"_id":"606c326847eed9b21c528b36","isGravatarEnabled":false,"isEmailPublished":false,"lang":"en_US","status":2,"admin":false,"createdAt":"2021-04-06T10:05:28.811Z","name":"oimyakonn","username":"oimyakonn","email":"oimyakonn@h","password":"d082457e78bc242ab7f1db176a09a346c7e0d7047c8139423271756ac69c4af2","__v":0,"lastLoginAt":"2021-04-06T10:05:35.491Z","imageUrlCached":"/images/icons/user.svg"},{"_id":"606c32d147eed9b21c528bcc","isGravatarEnabled":false,"isEmailPublished":true,"lang":"en_US","status":2,"admin":false,"createdAt":"2021-04-06T10:07:13.732Z","name":"sugizou","username":"sugizou","email":"sugizou@p","password":"2495d0f765c894ec8e21b3b05623395f90b2377c14d95e5b0e1424cca186eea5","__v":0,"lastLoginAt":"2021-04-06T10:07:19.593Z","imageUrlCached":"/images/icons/user.svg"}]