[{"_id":"605099d994d32052d81fb57f","fileSize":208987,"createdAt":"2021-03-16T11:43:21.497Z","page":"604f485a6c1cd9a365c892f1","creator":"6045b6d7d89a890330cc38f5","originalName":"スクリーンショット 2021-03-16 19.42.22.png","fileName":"1bf38f1baf35dbc312f8c8e6337518ba.png","fileFormat":"image/png","__v":0},{"_id":"60938d2c2352363aabd670f5","fileSize":42556,"createdAt":"2021-05-06T06:31:08.931Z","page":"607eaa93c47dbd2f5467a234","creator":"6045b6d7d89a890330cc38f5","originalName":"slack-bot-install-to-workspace-joined-bot.png","fileName":"ea29ae3e6cfe894abb80d4fb202cff7c.png","fileFormat":"image/png","__v":0},{"_id":"60a5f660bf0ca44609bfdb2d","fileSize":139935,"createdAt":"2021-05-20T05:40:48.256Z","page":"60a5f1814ed1a842081efc56","creator":"6045b6d7d89a890330cc38f5","originalName":"スクリーンショット 2021-05-20 14.17.48.png","fileName":"5325f1955c25076b48674c64f81a2e80.png","fileFormat":"image/png","__v":0,"temporaryUrlCached":"https://storage.googleapis.com/gcs-sample-use/hoge/attachment/5325f1955c25076b48674c64f81a2e80.png?GoogleAccessId=waimatu%40peppy-oven-293712.iam.gserviceaccount.com&Expires=1621489752&Signature=LvvydZwhkrRDmwTkPl5nWhaeOEicoJK2cjzKrycqzJB8ZBot%2BSqXY0vG0Fr6NhuATKOd110cUkT4OV3A%2BtrYdJRV%2BsssS5C0Tp1XJmxFIlq84%2FnU%2FMs4XT0f1B%2Fecuer6bVVhwWzP3r2RYgjtFhlh%2BZlh4JH3j7wnBXv8IzzV%2Fgpw%2FU4LBcBSDodpbGASUCet6V4C9OTJPWpyHdbnerodhgsY5ecJPPOj7G2HmHKl6egAEVcGRAYlVToSstIjzcfk7Ovj84jySYzzoC6dMeAiZRmgPC2j3Kc8e%2BWvzbPFWYwL7yaAJzK%2BvxDeiB%2FP%2F13scwLO9twVTVQJSUYGAORBQ%3D%3D","temporaryUrlExpiredAt":"2021-05-20T05:49:12.311Z"},{"_id":"60bfad026c0984488237b4f8","fileSize":88244,"createdAt":"2021-06-08T17:46:42.643Z","page":"60bfacdf6c0984488237b4b3","creator":"6045b6d7d89a890330cc38f5","originalName":"Screen Shot 2021-06-08 at 12.57.47.png","fileName":"75c1cb7b2f83ec38146d03388d6502a4.png","fileFormat":"image/png","__v":0}]