[{"_id":"6045b61a4a91e87cba1b98f7","ns":"crowi","key":"security:isEnabledPassport","value":"true","__v":0},{"_id":"6045b61a4a91e87cba1b98f8","ns":"crowi","key":"google:clientId","value":"null","__v":0},{"_id":"6045b61a4a91e87cba1b98fa","ns":"crowi","key":"google:clientSecret","value":"null","__v":0},{"_id":"6045b6d74a91e87cba1b999b","ns":"crowi","key":"app:installed","value":"true"},{"_id":"6045b6d74a91e87cba1b999c","ns":"crowi","key":"app:confidential","value":"null"},{"_id":"6045b6d74a91e87cba1b999e","ns":"crowi","key":"app:globalLang","value":"\"ja_JP\""},{"_id":"6045b6d74a91e87cba1b999f","ns":"crowi","key":"security:restrictGuestMode","value":"\"Readonly\""},{"_id":"6045b6d74a91e87cba1b99a0","ns":"crowi","key":"security:registrationMode","value":"\"Open\""},{"_id":"6045b6d74a91e87cba1b99a1","ns":"crowi","key":"security:registrationWhiteList","value":"[]"},{"_id":"6045b6d74a91e87cba1b99a2","ns":"crowi","key":"security:list-policy:hideRestrictedByOwner","value":"false"},{"_id":"6045b6d74a91e87cba1b99a3","ns":"crowi","key":"security:list-policy:hideRestrictedByGroup","value":"false"},{"_id":"6045b6d74a91e87cba1b99a4","ns":"crowi","key":"security:pageCompleteDeletionAuthority","value":null},{"_id":"6045b6d74a91e87cba1b99a5","ns":"crowi","key":"security:passport-local:isEnabled","value":"true"},{"_id":"6045b6d74a91e87cba1b99a6","ns":"crowi","key":"security:passport-ldap:isEnabled","value":"false"},{"_id":"6045b6d74a91e87cba1b99a7","ns":"crowi","key":"security:passport-ldap:serverUrl","value":null},{"_id":"6045b6d74a91e87cba1b99a8","ns":"crowi","key":"security:passport-ldap:isUserBind","value":null},{"_id":"6045b6d74a91e87cba1b99a9","ns":"crowi","key":"security:passport-ldap:bindDN","value":null},{"_id":"6045b6d74a91e87cba1b99aa","ns":"crowi","key":"security:passport-ldap:bindDNPassword","value":null},{"_id":"6045b6d74a91e87cba1b99ab","ns":"crowi","key":"security:passport-ldap:searchFilter","value":null},{"_id":"6045b6d74a91e87cba1b99ac","ns":"crowi","key":"security:passport-ldap:attrMapUsername","value":null},{"_id":"6045b6d74a91e87cba1b99ad","ns":"crowi","key":"security:passport-ldap:attrMapName","value":null},{"_id":"6045b6d74a91e87cba1b99ae","ns":"crowi","key":"security:passport-ldap:attrMapMail","value":null},{"_id":"6045b6d74a91e87cba1b99af","ns":"crowi","key":"security:passport-ldap:groupSearchBase","value":null},{"_id":"6045b6d74a91e87cba1b99b0","ns":"crowi","key":"security:passport-ldap:groupSearchFilter","value":null},{"_id":"6045b6d74a91e87cba1b99b1","ns":"crowi","key":"security:passport-ldap:groupDnProperty","value":null},{"_id":"6045b6d74a91e87cba1b99b2","ns":"crowi","key":"security:passport-ldap:isSameUsernameTreatedAsIdenticalUser","value":"false"},{"_id":"6045b6d74a91e87cba1b99b3","ns":"crowi","key":"security:passport-saml:isEnabled","value":"false"},{"_id":"6045b6d74a91e87cba1b99b4","ns":"crowi","key":"security:passport-saml:isSameEmailTreatedAsIdenticalUser","value":"false"},{"_id":"6045b6d74a91e87cba1b99b5","ns":"crowi","key":"security:passport-google:isEnabled","value":"false"},{"_id":"6045b6d74a91e87cba1b99b6","ns":"crowi","key":"security:passport-google:clientId","value":"\"764597163619-6co90gd8fl8sohcvmacaq024hjgnflri.apps.googleusercontent.com\""},{"_id":"6045b6d74a91e87cba1b99b7","ns":"crowi","key":"security:passport-google:clientSecret","value":"\"0YfabfQI3DW70CUUQQRGIMsf\""},{"_id":"6045b6d74a91e87cba1b99b8","ns":"crowi","key":"security:passport-google:isSameUsernameTreatedAsIdenticalUser","value":"true"},{"_id":"6045b6d74a91e87cba1b99b9","ns":"crowi","key":"security:passport-github:isEnabled","value":"false"},{"_id":"6045b6d74a91e87cba1b99ba","ns":"crowi","key":"security:passport-github:clientId","value":null},{"_id":"6045b6d74a91e87cba1b99bb","ns":"crowi","key":"security:passport-github:clientSecret","value":null},{"_id":"6045b6d74a91e87cba1b99bc","ns":"crowi","key":"security:passport-github:isSameUsernameTreatedAsIdenticalUser","value":"false"},{"_id":"6045b6d74a91e87cba1b99bd","ns":"crowi","key":"security:passport-twitter:isEnabled","value":"false"},{"_id":"6045b6d74a91e87cba1b99be","ns":"crowi","key":"security:passport-twitter:consumerKey","value":null},{"_id":"6045b6d74a91e87cba1b99bf","ns":"crowi","key":"security:passport-twitter:consumerSecret","value":null},{"_id":"6045b6d74a91e87cba1b99c0","ns":"crowi","key":"security:passport-twitter:isSameUsernameTreatedAsIdenticalUser","value":"false"},{"_id":"6045b6d74a91e87cba1b99c1","ns":"crowi","key":"security:passport-oidc:isEnabled","value":"false"},{"_id":"6045b6d74a91e87cba1b99c2","ns":"crowi","key":"security:passport-basic:isEnabled","value":"false"},{"_id":"6045b6d74a91e87cba1b99c3","ns":"crowi","key":"security:passport-basic:isSameUsernameTreatedAsIdenticalUser","value":"false"},{"_id":"6045b6d74a91e87cba1b99c4","ns":"crowi","key":"aws:s3Bucket","value":"\"growi\""},{"_id":"6045b6d74a91e87cba1b99c5","ns":"crowi","key":"aws:s3Region","value":"\"ap-northeast-1\""},{"_id":"6045b6d74a91e87cba1b99c6","ns":"crowi","key":"aws:s3AccessKeyId","value":null},{"_id":"6045b6d74a91e87cba1b99c7","ns":"crowi","key":"aws:s3SecretAccessKey","value":null},{"_id":"6045b6d74a91e87cba1b99c8","ns":"crowi","key":"aws:s3CustomEndpoint","value":null},{"_id":"6045b6d74a91e87cba1b99c9","ns":"crowi","key":"mail:from","value":"\"meda829ratteru86@gmail.com\""},{"_id":"6045b6d74a91e87cba1b99ca","ns":"crowi","key":"mail:smtpHost","value":"\"172.26.0.7\""},{"_id":"6045b6d74a91e87cba1b99cb","ns":"crowi","key":"mail:smtpPort","value":"\"25\""},{"_id":"6045b6d74a91e87cba1b99cc","ns":"crowi","key":"mail:smtpUser","value":"\"username\""},{"_id":"6045b6d74a91e87cba1b99cd","ns":"crowi","key":"mail:smtpPassword","value":"\"password\""},{"_id":"6045b6d74a91e87cba1b99ce","ns":"crowi","key":"plugin:isEnabledPlugins","value":"true"},{"_id":"6045b6d74a91e87cba1b99cf","ns":"crowi","key":"customize:css","value":null},{"_id":"6045b6d74a91e87cba1b99d0","ns":"crowi","key":"customize:script","value":null},{"_id":"6045b6d74a91e87cba1b99d1","ns":"crowi","key":"customize:header","value":null},{"_id":"6045b6d74a91e87cba1b99d2","ns":"crowi","key":"customize:title","value":null},{"_id":"6045b6d74a91e87cba1b99d3","ns":"crowi","key":"customize:highlightJsStyle","value":"\"github\""},{"_id":"6045b6d74a91e87cba1b99d4","ns":"crowi","key":"customize:highlightJsStyleBorder","value":"false"},{"_id":"6045b6d74a91e87cba1b99d5","ns":"crowi","key":"customize:theme","value":"\"default\""},{"_id":"6045b6d74a91e87cba1b99d6","ns":"crowi","key":"customize:layout","value":"\"growi\""},{"_id":"6045b6d74a91e87cba1b99d7","ns":"crowi","key":"customize:isEnabledTimeline","value":"true"},{"_id":"6045b6d74a91e87cba1b99d8","ns":"crowi","key":"customize:isSavedStatesOfTabChanges","value":"false"},{"_id":"6045b6d74a91e87cba1b99d9","ns":"crowi","key":"customize:isEnabledAttachTitleHeader","value":"false"},{"_id":"6045b6d74a91e87cba1b99da","ns":"crowi","key":"customize:showPageLimitationS","value":"20"},{"_id":"6045b6d74a91e87cba1b99db","ns":"crowi","key":"customize:showPageLimitationM","value":"10"},{"_id":"6045b6d74a91e87cba1b99dc","ns":"crowi","key":"customize:showPageLimitationL","value":"50"},{"_id":"6045b6d74a91e87cba1b99dd","ns":"crowi","key":"customize:showPageLimitationXL","value":"20"},{"_id":"6045b6d74a91e87cba1b99de","ns":"crowi","key":"customize:isEnabledStaleNotification","value":"false"},{"_id":"6045b6d74a91e87cba1b99df","ns":"crowi","key":"customize:isAllReplyShown","value":"false"},{"_id":"6045b6d74a91e87cba1b99e0","ns":"crowi","key":"notification:owner-page:isEnabled","value":"false"},{"_id":"6045b6d74a91e87cba1b99e1","ns":"crowi","key":"notification:group-page:isEnabled","value":"false"},{"_id":"6045b6d74a91e87cba1b99e2","ns":"crowi","key":"importer:esa:team_name","value":"\"waimatu\""},{"_id":"6045b6d74a91e87cba1b99e3","ns":"crowi","key":"importer:esa:access_token","value":"\"kTS9rbzvC5tS8-N6aEy5MXKzOQ5B_npxHciA-DpHmA4\""},{"_id":"6045b6d74a91e87cba1b99e4","ns":"crowi","key":"importer:qiita:team_name","value":null},{"_id":"6045b6d74a91e87cba1b99e5","ns":"crowi","key":"importer:qiita:access_token","value":null},{"_id":"6045b7094a91e87cba1b9ac1","ns":"crowi","key":"app:siteUrl","value":"\"http://localhost:3000\""},{"_id":"604746843648272cab3b0cdb","ns":"notification","key":"slack:incomingWebhookUrl","value":"\"https://hooks.slack.com/services/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\""},{"_id":"604746843648272cab3b0cdc","ns":"notification","key":"slack:isIncomingWebhookPrioritized","value":"true"},{"_id":"604746843648272cab3b0cdd","ns":"notification","key":"slack:token","value":"\"xoxb-1399660543842-2005958810179-FfqL2IvS4WKV5hRoO4BVxjvk\""},{"_id":"604904488e399ec16665705e","ns":"crowi","key":"mail:transmissionMethod","value":"\"ses\""},{"_id":"604904488e399ec16665705f","ns":"crowi","key":"mail:sesAccessKeyId","value":"\"AKIASHPMBOYMW6BG4YUL\""},{"_id":"604904488e399ec166657060","ns":"crowi","key":"mail:sesSecretAccessKey","value":"\"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\""},{"_id":"6052ecac3e2391a95be496b5","ns":"crowi","key":"slackbot:signingSecret","value":"null"},{"_id":"6052ecac3e2391a95be496b6","ns":"crowi","key":"slackbot:token","value":"null"},{"_id":"60544046f3e50e0e4c7a95c0","ns":"crowi","key":"slackbot:isOfficial:isEnabled","value":"\"true\""},{"_id":"6054408af3e50e0e4c7a95d6","ns":"crowi","key":"slackbot:isCustomNonProsy:isEnabled","value":"\"true\""},{"_id":"605440d8f3e50e0e4c7a95f2","ns":"crowi","key":"slackbot:isCustomNonProxy:isEnabled","value":"\"true\""},{"_id":"6054410bf3e50e0e4c7a9604","ns":"crowi","key":"slackbot:undefined:isEnabled","value":"\"true\""},{"_id":"60544134f3e50e0e4c7a967d","ns":"crowi","key":"slackbot:isCustomNonProxy:Enabled","value":"true"},{"_id":"605442c0f3e50e0e4c7a96e0","ns":"crowi","key":"slackbot:undefined:Enabled","value":null},{"_id":"60544f33f3e50e0e4c7a9c6c","ns":"crowi","key":"slackbot:custom","value":"true"},{"_id":"60544fd6f3e50e0e4c7a9d30","ns":"crowi","key":"slackbot:type","value":"\"without-proxy\""},{"_id":"6054697ef3e50e0e4c7aa53f","ns":"crowi","key":"slackbot","value":"\"custom\""},{"_id":"6065326d6f02184b55a8c295","ns":"crowi","key":"app:title","value":"\"GROWI\""},{"_id":"606572346f02184b55a8dc41","ns":"crowi","key":"slackbot:access-token","value":"null"},{"_id":"6066f9d1da77aec68bdd6f58","ns":"crowi","key":"slackbot:currentBotType","value":"\"customBotWithProxy\""},{"_id":"606bc7319e7dca02641fce6f","ns":"crowi","key":"app:isEmailPubshedForNewUser","value":"\"true\""},{"_id":"606bca6c9e7dca02641fd1e9","ns":"crowi","key":"app:isEmailPublishedForNewUser","value":"\"false\""},{"_id":"606c08919e7dca02641fdc49","ns":"crowi","key":"customize:isEmailPublishedForNewUser","value":"false"},{"_id":"606c3e5d9e7dca026420009d","ns":"crowi","key":"app:fileUploadType","value":"\"local\""},{"_id":"606c42b99e7dca0264200620","ns":"crowi","key":"app:fileUpload","value":"true"},{"_id":"6098b8e882c901e943f461f7","ns":"markdown","key":"markdown:xss:isEnabledPrevention","value":"true"},{"_id":"6098b8e882c901e943f461f8","ns":"markdown","key":"markdown:xss:option","value":"3"},{"_id":"6098b8e882c901e943f461f9","ns":"markdown","key":"markdown:xss:tagWhiteList","value":"[\"h1\"]"},{"_id":"6098b8e882c901e943f461fa","ns":"markdown","key":"markdown:xss:attrWhiteList","value":"[\"h1\"]"},{"_id":"60a5f167b44875e13750cf64","ns":"crowi","key":"gcs:apiKeyJsonPath","value":"\"./test.json\""},{"_id":"60a5f167b44875e13750cf65","ns":"crowi","key":"gcs:bucket","value":"\"gcs-sample-use\""},{"_id":"60a5f167b44875e13750cf66","ns":"crowi","key":"gcs:uploadNamespace","value":"\"hoge\""},{"_id":"60a5f167b44875e13750cf67","ns":"crowi","key":"gcs:referenceFileWithRelayMode","value":"true"},{"_id":"60a70c38f9a179fd3cf3d3cb","ns":"crowi","key":"slackbot:serverUri","value":"null"},{"_id":"60addf63b9a00824b49043b0","ns":"crowi","key":"slackbot:proxyServerUri","value":"\"https://f6e5d3b77276.ngrok.io\""},{"_id":"60af15483087ba987b544cc9","ns":"crowi","key":"slackbot:isIntegration","value":"true"},{"_id":"60b9f2edb58ab56364e7d4b8","ns":"crowi","key":"_csrf","value":"\"43YFNEe1-E2pv_rHu4E8yjvm1nSvXmvvJlu4\""}]