[{"_id":"6045b6d7d89a890330cc38f6","status":"published","grant":1,"grantedUsers":[],"liker":[],"seenUsers":["6045b6d7d89a890330cc38f5"],"commentCount":0,"createdAt":"2021-03-08T05:32:07.452Z","updatedAt":"2021-03-12T12:39:04.326Z","path":"/user/wai","creator":"6045b6d7d89a890330cc38f5","lastUpdateUser":"6045b6d7d89a890330cc38f5","redirectTo":null,"grantedGroup":null,"__v":2,"revision":"604b60e813422333d71daa55","extended":"\"{}\""},{"_id":"6045b6d7d89a890330cc38f9","status":"published","grant":1,"grantedUsers":["6045b6d7d89a890330cc38f5"],"liker":[],"seenUsers":[],"commentCount":0,"createdAt":"2021-03-08T05:32:07.484Z","updatedAt":"2021-03-08T05:32:07.518Z","path":"/Sandbox/Bootstrap4","creator":"6045b6d7d89a890330cc38f5","lastUpdateUser":"6045b6d7d89a890330cc38f5","redirectTo":null,"grantedGroup":null,"__v":0,"revision":"6045b6d7d89a890330cc38fd"},{"_id":"6045b6d7d89a890330cc38f7","status":"published","grant":1,"grantedUsers":[],"liker":[],"seenUsers":["6045b6d7d89a890330cc38f5","604b166ef9c4f51cf5a4a70a","606ad1f680aa760c055c28cb","606ae14d80aa760c055c2937","606af6cb10613d81b3609056","606afc61a8996c94eb01182f","606afe5884465a9d06eb4a56","606b05c1082d44b4d5067994","606b06c774c992ba717fc0d8","606c07082bd00358119e55fc","606c08ef40f36e5b45c17698","606c326847eed9b21c528b36"],"commentCount":0,"createdAt":"2021-03-08T05:32:07.476Z","updatedAt":"2021-05-21T00:47:38.341Z","path":"/","creator":"6045b6d7d89a890330cc38f5","lastUpdateUser":"6045b6d7d89a890330cc38f5","redirectTo":null,"grantedGroup":null,"__v":13,"revision":"60a7032a6cd6e0104e33b680","slackChannels":"general"},{"_id":"6045b6d7d89a890330cc38f8","status":"published","grant":1,"grantedUsers":["6045b6d7d89a890330cc38f5"],"liker":[],"seenUsers":["6045b6d7d89a890330cc38f5"],"commentCount":1,"createdAt":"2021-03-08T05:32:07.478Z","updatedAt":"2021-03-16T16:09:40.623Z","path":"/Sandbox","creator":"6045b6d7d89a890330cc38f5","lastUpdateUser":"6045b6d7d89a890330cc38f5","redirectTo":null,"grantedGroup":null,"__v":1,"revision":"6045b6d7d89a890330cc3900","extended":"\"{}\""},{"_id":"6045b6d7d89a890330cc38fb","status":"published","grant":1,"grantedUsers":["6045b6d7d89a890330cc38f5"],"liker":[],"seenUsers":[],"commentCount":0,"createdAt":"2021-03-08T05:32:07.493Z","updatedAt":"2021-03-08T05:32:07.524Z","path":"/Sandbox/Math","creator":"6045b6d7d89a890330cc38f5","lastUpdateUser":"6045b6d7d89a890330cc38f5","redirectTo":null,"grantedGroup":null,"__v":0,"revision":"6045b6d7d89a890330cc3901"},{"_id":"6045b6d7d89a890330cc38fa","status":"published","grant":1,"grantedUsers":["6045b6d7d89a890330cc38f5"],"liker":[],"seenUsers":[],"commentCount":0,"createdAt":"2021-03-08T05:32:07.486Z","updatedAt":"2021-03-08T05:32:07.528Z","path":"/Sandbox/Diagrams","creator":"6045b6d7d89a890330cc38f5","lastUpdateUser":"6045b6d7d89a890330cc38f5","redirectTo":null,"grantedGroup":null,"__v":0,"revision":"6045b6d7d89a890330cc38ff"},{"_id":"6045b738d89a890330cc3904","status":"published","grant":1,"grantedUsers":[],"liker":[],"seenUsers":["6045b6d7d89a890330cc38f5"],"commentCount":0,"createdAt":"2021-03-08T05:33:44.552Z","updatedAt":"2021-03-12T16:08:07.582Z","path":"/createhoge","creator":"6045b6d7d89a890330cc38f5","lastUpdateUser":"6045b6d7d89a890330cc38f5","redirectTo":null,"grantedGroup":null,"__v":1,"revision":"604b91e713ae376ab35e25c2","extended":"\"{}\""},{"_id":"604745fe95c482316454617b","status":"published","grant":1,"grantedUsers":[],"liker":[],"seenUsers":["6045b6d7d89a890330cc38f5"],"commentCount":0,"extended":"\"{}\"","createdAt":"2021-03-09T09:55:10.882Z","updatedAt":"2021-03-09T09:55:10.896Z","path":"/Sandbox/hoge","creator":"6045b6d7d89a890330cc38f5","lastUpdateUser":"6045b6d7d89a890330cc38f5","redirectTo":null,"grantedGroup":null,"__v":1,"revision":"604745fe95c482316454617c"},{"_id":"6047469895c4823164546186","status":"published","grant":1,"grantedUsers":[],"liker":[],"seenUsers":["6045b6d7d89a890330cc38f5"],"commentCount":0,"extended":"\"{}\"","createdAt":"2021-03-09T09:57:44.564Z","updatedAt":"2021-03-09T09:57:44.573Z","path":"/Sandbox/hoge/uiu","creator":"6045b6d7d89a890330cc38f5","lastUpdateUser":"6045b6d7d89a890330cc38f5","redirectTo":null,"grantedGroup":null,"__v":1,"revision":"6047469895c4823164546187"},{"_id":"604746e995c482316454618e","status":"published","grant":1,"grantedUsers":[],"liker":[],"seenUsers":["6045b6d7d89a890330cc38f5"],"commentCount":0,"extended":"\"{}\"","createdAt":"2021-03-09T09:59:05.783Z","updatedAt":"2021-03-09T09:59:26.947Z","path":"/Sandbox/hoge/uiu/hoio","creator":"6045b6d7d89a890330cc38f5","lastUpdateUser":"6045b6d7d89a890330cc38f5","redirectTo":null,"grantedGroup":null,"__v":1,"revision":"604746fe95c4823164546193"},{"_id":"6048bbe932e3cb0337e7999b","status":"published","grant":1,"grantedUsers":["6048bbe932e3cb0337e7999a"],"liker":[],"seenUsers":[],"commentCount":0,"extended":"\"{}\"","createdAt":"2021-03-10T12:30:33.786Z","updatedAt":"2021-03-10T12:30:33.823Z","path":"/user/slackUser","creator":"6048bbe932e3cb0337e7999a","lastUpdateUser":"6048bbe932e3cb0337e7999a","redirectTo":null,"grantedGroup":null,"__v":0,"revision":"6048bbe932e3cb0337e7999c"},{"_id":"6048bc8032e3cb0337e7999f","status":"published","grant":1,"grantedUsers":[],"liker":[],"seenUsers":["6045b6d7d89a890330cc38f5"],"commentCount":0,"extended":"\"{}\"","createdAt":"2021-03-10T12:33:04.955Z","updatedAt":"2021-03-10T13:17:06.757Z","path":"/sampleCreate","creator":"6048bbe932e3cb0337e7999a","lastUpdateUser":"6045b6d7d89a890330cc38f5","redirectTo":null,"grantedGroup":null,"__v":2,"revision":"6048c6d232e3cb0337e799cb"},{"_id":"6048c14232e3cb0337e799a5","status":"published","grant":1,"grantedUsers":["6048bbe932e3cb0337e7999a"],"liker":[],"seenUsers":["6045b6d7d89a890330cc38f5"],"commentCount":0,"extended":"\"{}\"","createdAt":"2021-03-10T12:53:22.647Z","updatedAt":"2021-03-10T12:53:22.661Z","path":"/sampleCreate2","creator":"6048bbe932e3cb0337e7999a","lastUpdateUser":"6048bbe932e3cb0337e7999a","redirectTo":null,"grantedGroup":null,"__v":1,"revision":"6048c14232e3cb0337e799a6"},{"_id":"6048c8eb32e3cb0337e799d1","status":"published","grant":1,"grantedUsers":[],"liker":["6045b6d7d89a890330cc38f5"],"seenUsers":["6045b6d7d89a890330cc38f5"],"commentCount":0,"extended":"\"{}\"","createdAt":"2021-03-10T13:26:03.965Z","updatedAt":"2021-03-12T12:14:39.873Z","path":"/実験1","creator":"6048bbe932e3cb0337e7999a","lastUpdateUser":"6045b6d7d89a890330cc38f5","redirectTo":null,"grantedGroup":null,"__v":5,"revision":"604b5b2faef84f1b7466ca71"},{"_id":"604b1721f9c4f51cf5a4a70d","status":"published","grant":1,"grantedUsers":[],"liker":[],"seenUsers":["604b166ef9c4f51cf5a4a70a","6045b6d7d89a890330cc38f5"],"commentCount":0,"createdAt":"2021-03-12T07:24:17.687Z","updatedAt":"2021-03-12T12:26:25.564Z","path":"/user/oimatu","creator":"604b166ef9c4f51cf5a4a70a","lastUpdateUser":"6045b6d7d89a890330cc38f5","redirectTo":null,"grantedGroup":null,"__v":3,"revision":"604b5df14192ad2b5adbf979","extended":"\"{}\""},{"_id":"604eeb5c1f3e4d0264f5d3e5","status":"published","grant":1,"grantedUsers":[],"liker":[],"seenUsers":["6045b6d7d89a890330cc38f5"],"commentCount":0,"extended":"\"{}\"","createdAt":"2021-03-15T05:06:36.244Z","updatedAt":"2021-03-15T05:48:01.732Z","path":"/heipou","creator":"6045b6d7d89a890330cc38f5","lastUpdateUser":"6045b6d7d89a890330cc38f5","redirectTo":null,"grantedGroup":null,"__v":1,"revision":"604ef51195a04115e6cac8d4"},{"_id":"604ef76d95a04115e6cac8d6","status":"published","grant":1,"grantedUsers":["6045b6d7d89a890330cc38f5"],"liker":[],"seenUsers":[],"commentCount":0,"extended":"\"{}\"","createdAt":"2021-03-15T05:58:05.193Z","updatedAt":"2021-03-15T05:58:05.247Z","path":"/hohohoddiii/2","creator":"6045b6d7d89a890330cc38f5","lastUpdateUser":"6045b6d7d89a890330cc38f5","redirectTo":null,"grantedGroup":null,"__v":0,"revision":"604ef76d95a04115e6cac8dd"},{"_id":"604ef76d95a04115e6cac8d8","status":"published","grant":1,"grantedUsers":["6045b6d7d89a890330cc38f5"],"liker":[],"seenUsers":[],"commentCount":0,"extended":"\"{}\"","createdAt":"2021-03-15T05:58:05.198Z","updatedAt":"2021-03-15T05:58:05.256Z","path":"/hohohoddiii/3","creator":"6045b6d7d89a890330cc38f5","lastUpdateUser":"6045b6d7d89a890330cc38f5","redirectTo":null,"grantedGroup":null,"__v":0,"revision":"604ef76d95a04115e6cac8e1"},{"_id":"604ef76d95a04115e6cac8d9","status":"published","grant":1,"grantedUsers":["6045b6d7d89a890330cc38f5"],"liker":[],"seenUsers":[],"commentCount":0,"extended":"\"{}\"","createdAt":"2021-03-15T05:58:05.205Z","updatedAt":"2021-03-15T05:58:05.260Z","path":"/hohohoddiii/1","creator":"6045b6d7d89a890330cc38f5","lastUpdateUser":"6045b6d7d89a890330cc38f5","redirectTo":null,"grantedGroup":null,"__v":0,"revision":"604ef76d95a04115e6cac8e2"},{"_id":"604ef76d95a04115e6cac8d7","status":"published","grant":1,"grantedUsers":["6045b6d7d89a890330cc38f5"],"liker":[],"seenUsers":[],"commentCount":0,"extended":"\"{}\"","createdAt":"2021-03-15T05:58:05.197Z","updatedAt":"2021-03-15T05:58:05.261Z","path":"/hohohoddiii/6","creator":"6045b6d7d89a890330cc38f5","lastUpdateUser":"6045b6d7d89a890330cc38f5","redirectTo":null,"grantedGroup":null,"__v":0,"revision":"604ef76d95a04115e6cac8e3"},{"_id":"604ef76d95a04115e6cac8da","status":"published","grant":1,"grantedUsers":["6045b6d7d89a890330cc38f5"],"liker":[],"seenUsers":[],"commentCount":0,"extended":"\"{}\"","createdAt":"2021-03-15T05:58:05.207Z","updatedAt":"2021-03-15T05:58:05.266Z","path":"/hohohoddiii/8","creator":"6045b6d7d89a890330cc38f5","lastUpdateUser":"6045b6d7d89a890330cc38f5","redirectTo":null,"grantedGroup":null,"__v":0,"revision":"604ef76d95a04115e6cac8e4"},{"_id":"604ef76d95a04115e6cac8db","status":"published","grant":1,"grantedUsers":["6045b6d7d89a890330cc38f5"],"liker":[],"seenUsers":[],"commentCount":0,"extended":"\"{}\"","createdAt":"2021-03-15T05:58:05.209Z","updatedAt":"2021-03-15T05:58:05.267Z","path":"/hohohoddiii/0","creator":"6045b6d7d89a890330cc38f5","lastUpdateUser":"6045b6d7d89a890330cc38f5","redirectTo":null,"grantedGroup":null,"__v":0,"revision":"604ef76d95a04115e6cac8e5"},{"_id":"604ef76d95a04115e6cac8dc","status":"published","grant":1,"grantedUsers":["6045b6d7d89a890330cc38f5"],"liker":[],"seenUsers":[],"commentCount":0,"extended":"\"{}\"","createdAt":"2021-03-15T05:58:05.217Z","updatedAt":"2021-03-15T05:58:05.283Z","path":"/hohohoddiii/5","creator":"6045b6d7d89a890330cc38f5","lastUpdateUser":"6045b6d7d89a890330cc38f5","redirectTo":null,"grantedGroup":null,"__v":0,"revision":"604ef76d95a04115e6cac8e6"},{"_id":"604ef76d95a04115e6cac8de","status":"published","grant":1,"grantedUsers":["6045b6d7d89a890330cc38f5"],"liker":[],"seenUsers":[],"commentCount":0,"extended":"\"{}\"","createdAt":"2021-03-15T05:58:05.228Z","updatedAt":"2021-03-15T05:58:05.290Z","path":"/hohohoddiii/4","creator":"6045b6d7d89a890330cc38f5","lastUpdateUser":"6045b6d7d89a890330cc38f5","redirectTo":null,"grantedGroup":null,"__v":0,"revision":"604ef76d95a04115e6cac8e7"},{"_id":"604ef76d95a04115e6cac8df","status":"published","grant":1,"grantedUsers":["6045b6d7d89a890330cc38f5"],"liker":[],"seenUsers":[],"commentCount":0,"extended":"\"{}\"","createdAt":"2021-03-15T05:58:05.231Z","updatedAt":"2021-03-15T05:58:05.291Z","path":"/hohohoddiii/7","creator":"6045b6d7d89a890330cc38f5","lastUpdateUser":"6045b6d7d89a890330cc38f5","redirectTo":null,"grantedGroup":null,"__v":0,"revision":"604ef76d95a04115e6cac8e8"},{"_id":"604ef76d95a04115e6cac8e0","status":"published","grant":1,"grantedUsers":[],"liker":[],"seenUsers":["6045b6d7d89a890330cc38f5"],"commentCount":0,"extended":"\"{}\"","createdAt":"2021-03-15T05:58:05.235Z","updatedAt":"2021-03-15T06:02:23.495Z","path":"/hohohoddiii/9","creator":"6045b6d7d89a890330cc38f5","lastUpdateUser":"6045b6d7d89a890330cc38f5","redirectTo":null,"grantedGroup":null,"__v":2,"revision":"604ef86f95a04115e6cac8f6"},{"_id":"604f43ed45a18c9cfef47bbe","status":"published","grant":1,"grantedUsers":["6048bbe932e3cb0337e7999a"],"liker":[],"seenUsers":["6045b6d7d89a890330cc38f5"],"commentCount":0,"extended":"\"{}\"","createdAt":"2021-03-15T11:24:29.937Z","updatedAt":"2021-03-15T11:24:29.975Z","path":"/インチキやろう","creator":"6048bbe932e3cb0337e7999a","lastUpdateUser":"6048bbe932e3cb0337e7999a","redirectTo":null,"grantedGroup":null,"__v":1,"revision":"604f43ed45a18c9cfef47bbf"},{"_id":"604f47c36c1cd9a365c892ef","status":"published","grant":1,"grantedUsers":["6048bbe932e3cb0337e7999a"],"liker":[],"seenUsers":[],"commentCount":0,"extended":"\"{}\"","createdAt":"2021-03-15T11:40:51.315Z","updatedAt":"2021-03-15T11:40:51.356Z","path":"/6でないそ","creator":"6048bbe932e3cb0337e7999a","lastUpdateUser":"6048bbe932e3cb0337e7999a","redirectTo":null,"grantedGroup":null,"__v":0,"revision":"604f47c36c1cd9a365c892f0"},{"_id":"604f485a6c1cd9a365c892f1","status":"published","grant":1,"grantedUsers":[],"liker":["6045b6d7d89a890330cc38f5"],"seenUsers":["6045b6d7d89a890330cc38f5"],"commentCount":0,"extended":"\"{}\"","createdAt":"2021-03-15T11:43:22.276Z","updatedAt":"2021-03-16T11:43:23.528Z","path":"/hoge","creator":"6048bbe932e3cb0337e7999a","lastUpdateUser":"6045b6d7d89a890330cc38f5","redirectTo":null,"grantedGroup":null,"__v":5,"revision":"605099db94d32052d81fb584"},{"_id":"60583bb546726a39b6254460","status":"published","grant":1,"grantedUsers":["6045b6d7d89a890330cc38f5"],"liker":[],"seenUsers":[],"commentCount":0,"extended":"\"{}\"","createdAt":"2021-03-22T06:39:49.447Z","updatedAt":"2021-03-22T06:39:49.514Z","path":"/example/3","creator":"6045b6d7d89a890330cc38f5","lastUpdateUser":"6045b6d7d89a890330cc38f5","redirectTo":null,"grantedGroup":null,"__v":0,"revision":"60583bb546726a39b625446a"},{"_id":"60583bb546726a39b6254461","status":"published","grant":1,"grantedUsers":["6045b6d7d89a890330cc38f5"],"liker":[],"seenUsers":[],"commentCount":0,"extended":"\"{}\"","createdAt":"2021-03-22T06:39:49.452Z","updatedAt":"2021-03-22T06:39:49.532Z","path":"/example/8","creator":"6045b6d7d89a890330cc38f5","lastUpdateUser":"6045b6d7d89a890330cc38f5","redirectTo":null,"grantedGroup":null,"__v":0,"revision":"60583bb546726a39b6254471"},{"_id":"60583bb546726a39b6254462","status":"published","grant":1,"grantedUsers":["6045b6d7d89a890330cc38f5"],"liker":[],"seenUsers":[],"commentCount":0,"extended":"\"{}\"","createdAt":"2021-03-22T06:39:49.453Z","updatedAt":"2021-03-22T06:39:49.515Z","path":"/example/5","creator":"6045b6d7d89a890330cc38f5","lastUpdateUser":"6045b6d7d89a890330cc38f5","redirectTo":null,"grantedGroup":null,"__v":0,"revision":"60583bb546726a39b625446b"},{"_id":"60583bb546726a39b6254463","status":"published","grant":1,"grantedUsers":["6045b6d7d89a890330cc38f5"],"liker":[],"seenUsers":[],"commentCount":0,"extended":"\"{}\"","createdAt":"2021-03-22T06:39:49.458Z","updatedAt":"2021-03-22T06:39:49.516Z","path":"/example/4","creator":"6045b6d7d89a890330cc38f5","lastUpdateUser":"6045b6d7d89a890330cc38f5","redirectTo":null,"grantedGroup":null,"__v":0,"revision":"60583bb546726a39b625446c"},{"_id":"60583bb546726a39b6254464","status":"published","grant":1,"grantedUsers":["6045b6d7d89a890330cc38f5"],"liker":[],"seenUsers":[],"commentCount":0,"extended":"\"{}\"","createdAt":"2021-03-22T06:39:49.460Z","updatedAt":"2021-03-22T06:39:49.517Z","path":"/example/7","creator":"6045b6d7d89a890330cc38f5","lastUpdateUser":"6045b6d7d89a890330cc38f5","redirectTo":null,"grantedGroup":null,"__v":0,"revision":"60583bb546726a39b625446d"},{"_id":"60583bb546726a39b6254465","status":"published","grant":1,"grantedUsers":["6045b6d7d89a890330cc38f5"],"liker":[],"seenUsers":["6045b6d7d89a890330cc38f5"],"commentCount":0,"extended":"\"{}\"","createdAt":"2021-03-22T06:39:49.461Z","updatedAt":"2021-03-22T06:39:49.517Z","path":"/example/6","creator":"6045b6d7d89a890330cc38f5","lastUpdateUser":"6045b6d7d89a890330cc38f5","redirectTo":null,"grantedGroup":null,"__v":1,"revision":"60583bb546726a39b625446e"},{"_id":"60583bb546726a39b6254466","status":"published","grant":1,"grantedUsers":["6045b6d7d89a890330cc38f5"],"liker":[],"seenUsers":[],"commentCount":0,"extended":"\"{}\"","createdAt":"2021-03-22T06:39:49.463Z","updatedAt":"2021-03-22T06:39:49.518Z","path":"/example/2","creator":"6045b6d7d89a890330cc38f5","lastUpdateUser":"6045b6d7d89a890330cc38f5","redirectTo":null,"grantedGroup":null,"__v":0,"revision":"60583bb546726a39b625446f"},{"_id":"60583bb546726a39b6254468","status":"published","grant":1,"grantedUsers":["6045b6d7d89a890330cc38f5"],"liker":[],"seenUsers":[],"commentCount":0,"extended":"\"{}\"","createdAt":"2021-03-22T06:39:49.488Z","updatedAt":"2021-03-22T06:39:49.542Z","path":"/example/1","creator":"6045b6d7d89a890330cc38f5","lastUpdateUser":"6045b6d7d89a890330cc38f5","redirectTo":null,"grantedGroup":null,"__v":0,"revision":"60583bb546726a39b6254473"},{"_id":"60587f215991b2041d99e367","status":"published","grant":1,"grantedUsers":[],"liker":[],"seenUsers":["6045b6d7d89a890330cc38f5"],"commentCount":5,"createdAt":"2021-03-22T11:27:29.209Z","updatedAt":"2021-03-26T07:01:01.523Z","path":"/example","creator":"6045b6d7d89a890330cc38f5","lastUpdateUser":"6045b6d7d89a890330cc38f5","redirectTo":null,"grantedGroup":null,"__v":1,"revision":"605d86adb687938725d48425","slackChannels":"memo"},{"_id":"6059739f706d100276bad860","status":"published","grant":1,"grantedUsers":[],"liker":[],"seenUsers":["6045b6d7d89a890330cc38f5"],"commentCount":0,"createdAt":"2021-03-23T04:50:39.916Z","updatedAt":"2021-03-25T09:14:26.997Z","path":"/event","creator":"6045b6d7d89a890330cc38f5","lastUpdateUser":"6045b6d7d89a890330cc38f5","redirectTo":null,"grantedGroup":null,"__v":1,"revision":"605c5472ba8a536922dda329","slackChannels":"memo"},{"_id":"605975c9706d100276bad899","status":"published","grant":1,"grantedUsers":[],"liker":[],"seenUsers":["6045b6d7d89a890330cc38f5"],"commentCount":0,"createdAt":"2021-03-23T04:59:53.730Z","updatedAt":"2021-03-25T09:14:10.377Z","path":"/event/announcement","creator":"6045b6d7d89a890330cc38f5","lastUpdateUser":"6045b6d7d89a890330cc38f5","redirectTo":null,"grantedGroup":null,"__v":1,"revision":"605c5462ba8a536922dda2fb","slackChannels":"memo"},{"_id":"606465ed2af48303cc4db082","status":"published","grant":1,"grantedUsers":[],"liker":[],"seenUsers":["6045b6d7d89a890330cc38f5"],"commentCount":0,"createdAt":"2021-03-31T12:07:09.583Z","updatedAt":"2021-03-31T12:07:09.609Z","path":"/hogematuo","creator":"6045b6d7d89a890330cc38f5","lastUpdateUser":"6045b6d7d89a890330cc38f5","redirectTo":null,"grantedGroup":null,"__v":1,"revision":"606465ed2af48303cc4db083"},{"_id":"606ad16680aa760c055c28a1","status":"published","grant":1,"grantedUsers":["606ad16680aa760c055c28a0"],"liker":[],"seenUsers":[],"commentCount":0,"createdAt":"2021-04-05T08:59:18.218Z","updatedAt":"2021-04-05T08:59:18.279Z","path":"/user/watuwai","creator":"606ad16680aa760c055c28a0","lastUpdateUser":"606ad16680aa760c055c28a0","redirectTo":null,"grantedGroup":null,"__v":0,"revision":"606ad16680aa760c055c28a2"},{"_id":"606ad1f680aa760c055c28cc","status":"published","grant":1,"grantedUsers":["606ad1f680aa760c055c28cb"],"liker":[],"seenUsers":["606ad1f680aa760c055c28cb"],"commentCount":0,"createdAt":"2021-04-05T09:01:42.704Z","updatedAt":"2021-04-05T09:01:42.723Z","path":"/user/umaru","creator":"606ad1f680aa760c055c28cb","lastUpdateUser":"606ad1f680aa760c055c28cb","redirectTo":null,"grantedGroup":null,"__v":1,"revision":"606ad1f680aa760c055c28cd"},{"_id":"606ae14d80aa760c055c2939","status":"published","grant":1,"grantedUsers":["606ae14d80aa760c055c2937"],"liker":[],"seenUsers":["606ae14d80aa760c055c2937"],"commentCount":0,"createdAt":"2021-04-05T10:07:09.148Z","updatedAt":"2021-04-05T10:07:09.206Z","path":"/user/hogematu","creator":"606ae14d80aa760c055c2937","lastUpdateUser":"606ae14d80aa760c055c2937","redirectTo":null,"grantedGroup":null,"__v":1,"revision":"606ae14d80aa760c055c293a"},{"_id":"606af6cb10613d81b3609057","status":"published","grant":1,"grantedUsers":["606af6cb10613d81b3609056"],"liker":[],"seenUsers":[],"commentCount":0,"createdAt":"2021-04-05T11:38:51.794Z","updatedAt":"2021-04-05T11:38:51.856Z","path":"/user/fugamatu","creator":"606af6cb10613d81b3609056","lastUpdateUser":"606af6cb10613d81b3609056","redirectTo":null,"grantedGroup":null,"__v":0,"revision":"606af6cb10613d81b3609058"},{"_id":"606afc61a8996c94eb011831","status":"published","grant":1,"grantedUsers":["606afc61a8996c94eb01182f"],"liker":[],"seenUsers":["606afc61a8996c94eb01182f","606afcaca10bff96d35a03b8","6045b6d7d89a890330cc38f5","606afd29a10bff96d35a03e9"],"commentCount":0,"createdAt":"2021-04-05T12:02:41.522Z","updatedAt":"2021-04-05T12:02:41.602Z","path":"/user/tensin","creator":"606afc61a8996c94eb01182f","lastUpdateUser":"606afc61a8996c94eb01182f","redirectTo":null,"grantedGroup":null,"__v":4,"revision":"606afc61a8996c94eb011832"},{"_id":"606afcaca10bff96d35a03b9","status":"published","grant":1,"grantedUsers":["606afcaca10bff96d35a03b8"],"liker":[],"seenUsers":[],"commentCount":0,"createdAt":"2021-04-05T12:03:56.818Z","updatedAt":"2021-04-05T12:03:56.880Z","path":"/user/yamabiko","creator":"606afcaca10bff96d35a03b8","lastUpdateUser":"606afcaca10bff96d35a03b8","redirectTo":null,"grantedGroup":null,"__v":0,"revision":"606afcaca10bff96d35a03ba"},{"_id":"606afd29a10bff96d35a03ea","status":"published","grant":1,"grantedUsers":["606afd29a10bff96d35a03e9"],"liker":[],"seenUsers":["606afd29a10bff96d35a03e9","606afdd55f5d4499ffdc7f90"],"commentCount":0,"createdAt":"2021-04-05T12:06:01.758Z","updatedAt":"2021-04-05T12:06:01.809Z","path":"/user/kaburasutegi","creator":"606afd29a10bff96d35a03e9","lastUpdateUser":"606afd29a10bff96d35a03e9","redirectTo":null,"grantedGroup":null,"__v":2,"revision":"606afd29a10bff96d35a03eb"},{"_id":"606afdd55f5d4499ffdc7f91","status":"published","grant":1,"grantedUsers":["606afdd55f5d4499ffdc7f90"],"liker":[],"seenUsers":["606afdd55f5d4499ffdc7f90"],"commentCount":0,"createdAt":"2021-04-05T12:08:53.873Z","updatedAt":"2021-04-05T12:08:53.930Z","path":"/user/rasenhuuma","creator":"606afdd55f5d4499ffdc7f90","lastUpdateUser":"606afdd55f5d4499ffdc7f90","redirectTo":null,"grantedGroup":null,"__v":1,"revision":"606afdd55f5d4499ffdc7f92"},{"_id":"606afe5884465a9d06eb4a57","status":"published","grant":1,"grantedUsers":["606afe5884465a9d06eb4a56"],"liker":[],"seenUsers":["606afe5884465a9d06eb4a56","606afed22fbb049e523ea415"],"commentCount":0,"createdAt":"2021-04-05T12:11:04.331Z","updatedAt":"2021-04-05T12:11:04.385Z","path":"/user/bajirisuku","creator":"606afe5884465a9d06eb4a56","lastUpdateUser":"606afe5884465a9d06eb4a56","redirectTo":null,"grantedGroup":null,"__v":2,"revision":"606afe5884465a9d06eb4a58"},{"_id":"606afed22fbb049e523ea416","status":"published","grant":1,"grantedUsers":["606afed22fbb049e523ea415"],"liker":[],"seenUsers":["606afed22fbb049e523ea415","606aff23a97b639f9e1739d9","606b01189040bea71dd70fd0"],"commentCount":0,"createdAt":"2021-04-05T12:13:06.733Z","updatedAt":"2021-04-05T12:13:06.791Z","path":"/user/katana","creator":"606afed22fbb049e523ea415","lastUpdateUser":"606afed22fbb049e523ea415","redirectTo":null,"grantedGroup":null,"__v":3,"revision":"606afed22fbb049e523ea417"},{"_id":"606aff24a97b639f9e1739da","status":"published","grant":1,"grantedUsers":["606aff23a97b639f9e1739d9"],"liker":[],"seenUsers":[],"commentCount":0,"createdAt":"2021-04-05T12:14:28.035Z","updatedAt":"2021-04-05T12:14:28.117Z","path":"/user/katuobusi","creator":"606aff23a97b639f9e1739d9","lastUpdateUser":"606aff23a97b639f9e1739d9","redirectTo":null,"grantedGroup":null,"__v":0,"revision":"606aff24a97b639f9e1739db"},{"_id":"606b01189040bea71dd70fd1","status":"published","grant":1,"grantedUsers":["606b01189040bea71dd70fd0"],"liker":[],"seenUsers":["606b01189040bea71dd70fd0","606b01d28018c2a9ba593570"],"commentCount":0,"createdAt":"2021-04-05T12:22:48.118Z","updatedAt":"2021-04-05T12:22:48.183Z","path":"/user/gamara","creator":"606b01189040bea71dd70fd0","lastUpdateUser":"606b01189040bea71dd70fd0","redirectTo":null,"grantedGroup":null,"__v":2,"revision":"606b01189040bea71dd70fd2"},{"_id":"606b01d28018c2a9ba593571","status":"published","grant":1,"grantedUsers":["606b01d28018c2a9ba593570"],"liker":[],"seenUsers":["606b01d28018c2a9ba593570","606b038531d9beaf399f7d04"],"commentCount":0,"createdAt":"2021-04-05T12:25:54.863Z","updatedAt":"2021-04-05T12:25:54.924Z","path":"/user/mamuru","creator":"606b01d28018c2a9ba593570","lastUpdateUser":"606b01d28018c2a9ba593570","redirectTo":null,"grantedGroup":null,"__v":2,"revision":"606b01d28018c2a9ba593572"},{"_id":"606b038531d9beaf399f7d05","status":"published","grant":1,"grantedUsers":["606b038531d9beaf399f7d04"],"liker":[],"seenUsers":["606b038531d9beaf399f7d04"],"commentCount":0,"createdAt":"2021-04-05T12:33:09.270Z","updatedAt":"2021-04-05T12:33:09.330Z","path":"/user/kawanotate","creator":"606b038531d9beaf399f7d04","lastUpdateUser":"606b038531d9beaf399f7d04","redirectTo":null,"grantedGroup":null,"__v":1,"revision":"606b038531d9beaf399f7d06"},{"_id":"606b05c1082d44b4d5067995","status":"published","grant":1,"grantedUsers":["606b05c1082d44b4d5067994"],"liker":[],"seenUsers":["606b05c1082d44b4d5067994","606b06c774c992ba717fc0d8"],"commentCount":0,"createdAt":"2021-04-05T12:42:41.440Z","updatedAt":"2021-04-05T12:42:41.504Z","path":"/user/doutanuki","creator":"606b05c1082d44b4d5067994","lastUpdateUser":"606b05c1082d44b4d5067994","redirectTo":null,"grantedGroup":null,"__v":2,"revision":"606b05c1082d44b4d5067996"},{"_id":"606b06c774c992ba717fc0d9","status":"published","grant":1,"grantedUsers":["606b06c774c992ba717fc0d8"],"liker":[],"seenUsers":["606b06c774c992ba717fc0d8","6045b6d7d89a890330cc38f5","606bc8ab86030c3c7380a5dc","606bc92bb2505f3e227da3fd"],"commentCount":0,"createdAt":"2021-04-05T12:47:03.894Z","updatedAt":"2021-04-05T12:47:03.988Z","path":"/user/kongounotate","creator":"606b06c774c992ba717fc0d8","lastUpdateUser":"606b06c774c992ba717fc0d8","redirectTo":null,"grantedGroup":null,"__v":4,"revision":"606b06c774c992ba717fc0da"},{"_id":"606bc8ab86030c3c7380a5dd","status":"published","grant":1,"grantedUsers":["606bc8ab86030c3c7380a5dc"],"liker":[],"seenUsers":[],"commentCount":0,"createdAt":"2021-04-06T02:34:19.519Z","updatedAt":"2021-04-06T02:34:19.605Z","path":"/user/heimatu","creator":"606bc8ab86030c3c7380a5dc","lastUpdateUser":"606bc8ab86030c3c7380a5dc","redirectTo":null,"grantedGroup":null,"__v":0,"revision":"606bc8ab86030c3c7380a5de"},{"_id":"606bc92cb2505f3e227da3fe","status":"published","grant":1,"grantedUsers":["606bc92bb2505f3e227da3fd"],"liker":[],"seenUsers":["606bc92bb2505f3e227da3fd"],"commentCount":0,"createdAt":"2021-04-06T02:36:28.058Z","updatedAt":"2021-04-06T02:36:28.129Z","path":"/user/arematu","creator":"606bc92bb2505f3e227da3fd","lastUpdateUser":"606bc92bb2505f3e227da3fd","redirectTo":null,"grantedGroup":null,"__v":1,"revision":"606bc92cb2505f3e227da3ff"},{"_id":"606bcb438f29ee411ab24d5f","status":"published","grant":1,"grantedUsers":["606bcb438f29ee411ab24d5e"],"liker":[],"seenUsers":["606bcb438f29ee411ab24d5e","606bcba77a09e942158139fc"],"commentCount":0,"createdAt":"2021-04-06T02:45:23.916Z","updatedAt":"2021-04-06T02:45:23.988Z","path":"/user/poimatu","creator":"606bcb438f29ee411ab24d5e","lastUpdateUser":"606bcb438f29ee411ab24d5e","redirectTo":null,"grantedGroup":null,"__v":2,"revision":"606bcb438f29ee411ab24d60"},{"_id":"606bcba77a09e942158139fd","status":"published","grant":1,"grantedUsers":["606bcba77a09e942158139fc"],"liker":[],"seenUsers":["606bcba77a09e942158139fc","6045b6d7d89a890330cc38f5"],"commentCount":0,"createdAt":"2021-04-06T02:47:03.349Z","updatedAt":"2021-04-06T02:47:03.417Z","path":"/user/kagematu","creator":"606bcba77a09e942158139fc","lastUpdateUser":"606bcba77a09e942158139fc","redirectTo":null,"grantedGroup":null,"__v":2,"revision":"606bcba77a09e942158139fe"},{"_id":"606c07082bd00358119e55fd","status":"published","grant":1,"grantedUsers":["606c07082bd00358119e55fc"],"liker":[],"seenUsers":["606c07082bd00358119e55fc","6045b6d7d89a890330cc38f5"],"commentCount":0,"createdAt":"2021-04-06T07:00:24.884Z","updatedAt":"2021-04-06T07:00:24.949Z","path":"/user/kusematu","creator":"606c07082bd00358119e55fc","lastUpdateUser":"606c07082bd00358119e55fc","redirectTo":null,"grantedGroup":null,"__v":2,"revision":"606c07082bd00358119e55fe"},{"_id":"606c08ef40f36e5b45c1769a","status":"published","grant":1,"grantedUsers":["606c08ef40f36e5b45c17698"],"liker":[],"seenUsers":["606c08ef40f36e5b45c17698","606c092d40f36e5b45c176c9"],"commentCount":0,"createdAt":"2021-04-06T07:08:31.426Z","updatedAt":"2021-04-06T07:08:31.515Z","path":"/user/newmatu","creator":"606c08ef40f36e5b45c17698","lastUpdateUser":"606c08ef40f36e5b45c17698","redirectTo":null,"grantedGroup":null,"__v":2,"revision":"606c08ef40f36e5b45c1769b"},{"_id":"606c092d40f36e5b45c176ca","status":"published","grant":1,"grantedUsers":["606c092d40f36e5b45c176c9"],"liker":[],"seenUsers":["606c092d40f36e5b45c176c9","6045b6d7d89a890330cc38f5"],"commentCount":0,"createdAt":"2021-04-06T07:09:33.097Z","updatedAt":"2021-04-06T07:09:33.124Z","path":"/user/choimatu","creator":"606c092d40f36e5b45c176c9","lastUpdateUser":"606c092d40f36e5b45c176c9","redirectTo":null,"grantedGroup":null,"__v":2,"revision":"606c092d40f36e5b45c176cb"},{"_id":"606c326847eed9b21c528b37","status":"published","grant":1,"grantedUsers":["606c326847eed9b21c528b36"],"liker":[],"seenUsers":["606c326847eed9b21c528b36","6045b6d7d89a890330cc38f5","606c32d147eed9b21c528bcc"],"commentCount":0,"createdAt":"2021-04-06T10:05:28.934Z","updatedAt":"2021-04-06T10:05:28.956Z","path":"/user/oimyakonn","creator":"606c326847eed9b21c528b36","lastUpdateUser":"606c326847eed9b21c528b36","redirectTo":null,"grantedGroup":null,"__v":3,"revision":"606c326847eed9b21c528b38"},{"_id":"606c32d147eed9b21c528bcd","status":"published","grant":1,"grantedUsers":["606c32d147eed9b21c528bcc"],"liker":[],"seenUsers":["606c32d147eed9b21c528bcc","6045b6d7d89a890330cc38f5"],"commentCount":0,"createdAt":"2021-04-06T10:07:13.773Z","updatedAt":"2021-04-06T10:07:13.806Z","path":"/user/sugizou","creator":"606c32d147eed9b21c528bcc","lastUpdateUser":"606c32d147eed9b21c528bcc","redirectTo":null,"grantedGroup":null,"__v":2,"revision":"606c32d147eed9b21c528bce"},{"_id":"607ea79e085f332094e2942b","status":"published","grant":1,"grantedUsers":[],"liker":[],"seenUsers":["6045b6d7d89a890330cc38f5"],"commentCount":0,"createdAt":"2021-04-20T10:06:22.455Z","updatedAt":"2021-04-20T10:07:19.218Z","path":"/pages/iitiko","creator":"6045b6d7d89a890330cc38f5","lastUpdateUser":"6045b6d7d89a890330cc38f5","redirectTo":null,"grantedGroup":null,"__v":1,"revision":"607ea79e085f332094e2942c"},{"_id":"607ea7ac085f332094e29460","status":"published","grant":1,"grantedUsers":[],"liker":[],"seenUsers":["6045b6d7d89a890330cc38f5"],"commentCount":0,"createdAt":"2021-04-20T10:06:36.960Z","updatedAt":"2021-04-20T10:06:36.969Z","path":"/pages/children","creator":"6045b6d7d89a890330cc38f5","lastUpdateUser":"6045b6d7d89a890330cc38f5","redirectTo":null,"grantedGroup":null,"__v":1,"revision":"607ea7ac085f332094e29461"},{"_id":"607ea826085f332094e294da","status":"published","grant":1,"grantedUsers":[],"liker":[],"seenUsers":["6045b6d7d89a890330cc38f5"],"commentCount":0,"createdAt":"2021-04-20T10:08:38.339Z","updatedAt":"2021-04-20T10:08:38.348Z","path":"/pages","creator":"6045b6d7d89a890330cc38f5","lastUpdateUser":"6045b6d7d89a890330cc38f5","redirectTo":null,"grantedGroup":null,"__v":1,"revision":"607ea826085f332094e294db"},{"_id":"607ea832085f332094e294f3","status":"published","grant":1,"grantedUsers":[],"liker":[],"seenUsers":[],"commentCount":0,"path":"/pagesdddd/children","creator":"6045b6d7d89a890330cc38f5","grantedGroup":null,"lastUpdateUser":"6045b6d7d89a890330cc38f5","redirectTo":null,"revision":"607ea832085f332094e294f4","createdAt":"2021-04-20T10:08:50.383Z","updatedAt":"2021-04-20T10:08:50.383Z","__v":0},{"_id":"607ea832085f332094e294f5","status":"published","grant":1,"grantedUsers":[],"liker":[],"seenUsers":[],"commentCount":0,"path":"/pagesdddd/iitiko","creator":"6045b6d7d89a890330cc38f5","grantedGroup":null,"lastUpdateUser":"6045b6d7d89a890330cc38f5","redirectTo":null,"revision":"607ea832085f332094e294f6","createdAt":"2021-04-20T10:08:50.384Z","updatedAt":"2021-04-20T10:08:50.384Z","__v":0},{"_id":"607ea832085f332094e294fb","status":"published","grant":1,"grantedUsers":[],"liker":[],"seenUsers":["6045b6d7d89a890330cc38f5"],"commentCount":0,"createdAt":"2021-04-20T10:08:50.406Z","updatedAt":"2021-04-20T10:15:56.791Z","path":"/page","creator":"6045b6d7d89a890330cc38f5","lastUpdateUser":"6045b6d7d89a890330cc38f5","redirectTo":null,"grantedGroup":null,"__v":1,"revision":"607ea832085f332094e294fc"},{"_id":"607eaa09c47dbd2f5467a1a8","status":"published","grant":1,"grantedUsers":[],"liker":[],"seenUsers":["6045b6d7d89a890330cc38f5"],"commentCount":0,"createdAt":"2021-04-20T10:16:41.635Z","updatedAt":"2021-04-20T10:16:58.268Z","path":"/pagese","creator":"6045b6d7d89a890330cc38f5","lastUpdateUser":"6045b6d7d89a890330cc38f5","redirectTo":null,"grantedGroup":null,"__v":1,"revision":"607eaa09c47dbd2f5467a1a9"},{"_id":"607eaa86c47dbd2f5467a1f2","status":"published","grant":1,"grantedUsers":[],"liker":[],"seenUsers":["6045b6d7d89a890330cc38f5"],"commentCount":0,"createdAt":"2021-04-20T10:18:46.731Z","updatedAt":"2021-04-20T10:18:46.739Z","path":"/pagesdddd","creator":"6045b6d7d89a890330cc38f5","lastUpdateUser":"6045b6d7d89a890330cc38f5","redirectTo":null,"grantedGroup":null,"__v":1,"revision":"607eaa86c47dbd2f5467a1f3"},{"_id":"607eaa93c47dbd2f5467a22c","status":"published","grant":1,"grantedUsers":[],"liker":[],"seenUsers":[],"commentCount":0,"path":"/pagesわい/children","creator":"6045b6d7d89a890330cc38f5","grantedGroup":null,"lastUpdateUser":"6045b6d7d89a890330cc38f5","redirectTo":null,"revision":"607eaa93c47dbd2f5467a22d","createdAt":"2021-04-20T10:18:59.438Z","updatedAt":"2021-04-20T10:18:59.438Z","__v":0},{"_id":"607eaa93c47dbd2f5467a22e","status":"published","grant":1,"grantedUsers":[],"liker":[],"seenUsers":[],"commentCount":0,"path":"/pagesわい/iitiko","creator":"6045b6d7d89a890330cc38f5","grantedGroup":null,"lastUpdateUser":"6045b6d7d89a890330cc38f5","redirectTo":null,"revision":"607eaa93c47dbd2f5467a22f","createdAt":"2021-04-20T10:18:59.439Z","updatedAt":"2021-04-20T10:18:59.439Z","__v":0},{"_id":"607eaa93c47dbd2f5467a234","status":"deleted","grant":1,"grantedUsers":[],"liker":[],"seenUsers":["6045b6d7d89a890330cc38f5"],"commentCount":0,"createdAt":"2021-04-20T10:18:59.457Z","updatedAt":"2021-05-06T06:31:10.403Z","path":"/trash/pagesわいほげ","creator":"6045b6d7d89a890330cc38f5","lastUpdateUser":"6045b6d7d89a890330cc38f5","redirectTo":null,"grantedGroup":null,"__v":1,"revision":"60938d2e2352363aabd670f6","deleteUser":"6045b6d7d89a890330cc38f5","deletedAt":"2021-05-07T02:36:34.121Z"},{"_id":"6094a7b2ac74c30ad9e9f99e","status":"published","grant":1,"grantedUsers":["6045b6d7d89a890330cc38f5"],"liker":[],"seenUsers":[],"commentCount":0,"createdAt":"2021-05-07T02:36:34.128Z","updatedAt":"2021-05-07T02:36:34.142Z","path":"/pagesわいほげ","creator":"6045b6d7d89a890330cc38f5","lastUpdateUser":"6045b6d7d89a890330cc38f5","redirectTo":"/trash/pagesわいほげ","grantedGroup":null,"__v":0,"revision":"6094a7b2ac74c30ad9e9f99f"},{"_id":"609b477a0e6b6303f40161b2","status":"published","grant":1,"grantedUsers":[],"liker":[],"seenUsers":["6045b6d7d89a890330cc38f5"],"commentCount":0,"createdAt":"2021-05-12T03:11:54.860Z","updatedAt":"2021-05-12T03:13:35.687Z","path":"/mongo 立ち上がっていない","creator":"6045b6d7d89a890330cc38f5","lastUpdateUser":"6045b6d7d89a890330cc38f5","redirectTo":null,"grantedGroup":null,"__v":1,"revision":"609b47df0e6b6303f4016210","hasDraftOnHackmd":false,"pageIdOnHackmd":"CIE6u9S7RaWojJotnxVLqA","revisionHackmdSynced":"609b47df0e6b6303f4016210"},{"_id":"60a5f1814ed1a842081efc56","status":"published","grant":4,"grantedUsers":["6045b6d7d89a890330cc38f5"],"liker":[],"seenUsers":["6045b6d7d89a890330cc38f5"],"commentCount":0,"createdAt":"2021-05-20T05:20:01.681Z","updatedAt":"2021-05-21T02:13:55.047Z","path":"/gcs file upload ","creator":"6045b6d7d89a890330cc38f5","lastUpdateUser":"6045b6d7d89a890330cc38f5","redirectTo":null,"grantedGroup":null,"__v":14,"revision":"60a717634526a217fac7b687","slackChannels":"general"},{"_id":"60b9f2f280d9587dd93b4b8a","status":"published","grant":1,"grantedUsers":[],"liker":[],"seenUsers":[],"commentCount":0,"createdAt":"2021-06-04T09:31:30.714Z","updatedAt":"2021-06-04T09:31:30.760Z","path":"/Templates/手順書/title","creator":"6045b6d7d89a890330cc38f5","lastUpdateUser":"6045b6d7d89a890330cc38f5","redirectTo":null,"grantedGroup":null,"__v":0,"revision":"60b9f2f280d9587dd93b4b8b"},{"_id":"60b9f2f280d9587dd93b4b8c","status":"published","grant":1,"grantedUsers":[],"liker":[],"seenUsers":[],"commentCount":0,"createdAt":"2021-06-04T09:31:30.756Z","updatedAt":"2021-06-04T09:31:30.772Z","path":"/README","creator":"6045b6d7d89a890330cc38f5","lastUpdateUser":"6045b6d7d89a890330cc38f5","redirectTo":null,"grantedGroup":null,"__v":0,"revision":"60b9f2f280d9587dd93b4b8d"},{"_id":"60b9f35080d9587dd93b4b8e","status":"published","grant":1,"grantedUsers":[],"liker":[],"seenUsers":[],"commentCount":0,"createdAt":"2021-06-04T09:33:04.443Z","updatedAt":"2021-06-04T09:33:04.456Z","path":"/okpath","creator":"6045b6d7d89a890330cc38f5","lastUpdateUser":"6045b6d7d89a890330cc38f5","redirectTo":null,"grantedGroup":null,"__v":0,"revision":"60b9f35080d9587dd93b4b8f"},{"_id":"60b9f3d880d9587dd93b4b90","status":"published","grant":1,"grantedUsers":[],"liker":[],"seenUsers":["6045b6d7d89a890330cc38f5"],"commentCount":0,"createdAt":"2021-06-04T09:35:20.198Z","updatedAt":"2021-06-08T17:45:56.417Z","path":"/hoge/手順書/titlerename","creator":"6045b6d7d89a890330cc38f5","lastUpdateUser":"6045b6d7d89a890330cc38f5","redirectTo":null,"grantedGroup":null,"__v":1,"revision":"60b9f3d880d9587dd93b4b91"},{"_id":"60bfacdf6c0984488237b4b3","status":"published","grant":1,"grantedUsers":[],"liker":[],"seenUsers":["6045b6d7d89a890330cc38f5"],"commentCount":0,"createdAt":"2021-06-08T17:46:07.141Z","updatedAt":"2021-06-08T17:46:44.842Z","path":"/hoge/手順書/titlerenameduplicate","creator":"6045b6d7d89a890330cc38f5","lastUpdateUser":"6045b6d7d89a890330cc38f5","redirectTo":null,"grantedGroup":null,"__v":1,"revision":"60bfad046c0984488237b4f9"}]